﻿<?xml version="1.0" encoding="utf-8"?>
<WindowsDriverPaths>
  <WindowsDriverPath>
    <Manufacture>ASMedia</Manufacture>
    <Type>USB</Type>
    <PathX86>USB\ASMUSB\Driver</PathX86>
    <PathX64>USB\ASMUSB\Driver</PathX64>
  </WindowsDriverPath>
  
  <WindowsDriverPath>
    <Manufacture>Intel</Manufacture>
    <Type>USB</Type>
    <PathX86>USB\IntelUSB30\Drivers\Win7\x86</PathX86>
    <PathX64>USB\IntelUSB30\Drivers\Win7\x64</PathX64>
  </WindowsDriverPath>
  <WindowsDriverPath>
    <Manufacture>Intel</Manufacture>
    <Type>USB</Type>
    <PathX86>USB\IntelUSB30\Drivers\HCSwitch\x86</PathX86>
    <PathX64>USB\IntelUSB30\Drivers\HCSwitch\x64</PathX64>
  </WindowsDriverPath>
  
  <WindowsDriverPath>
    <Manufacture>Intel</Manufacture>
    <Type>USB</Type>
    <PathX86>USB\ARUSB\x86\USBController</PathX86>
    <PathX64>USB\ARUSB\x64\USBController</PathX64>
  </WindowsDriverPath>
  <WindowsDriverPath>
    <Manufacture>Intel</Manufacture>
    <Type>USB</Type>
    <PathX86>USB\ARUSB\x86\USBHub</PathX86>
    <PathX64>USB\ARUSB\x64\USBHub</PathX64>
  </WindowsDriverPath>
  
  <WindowsDriverPath>
    <Manufacture>Samsung</Manufacture>
    <Type>NVMe</Type>
    <PathX86>StorageControllers\Samsung_NVMe_v1_4_7_17\32bit</PathX86>
	<PathX64>StorageControllers\Samsung_NVMe_v1_4_7_17\64bit</PathX64>
  </WindowsDriverPath>
  <WindowsDriverPath>
    <Manufacture>Intel</Manufacture>
    <Type>NVMe</Type>
    <PathX86>StorageControllers\Intel_NVMe\Driver32</PathX86>
	<PathX64>StorageControllers\Intel_NVMe\Driver64</PathX64>
  </WindowsDriverPath>
  
  <WindowsDriverPath>
    <Manufacture>AMD</Manufacture>
    <Type>USB</Type>
    <PathX86>USB\AMD\Bolton\USB30\amdhub\W7</PathX86>
    <PathX64>USB\AMD\Bolton\USB30\amdhub\W764A</PathX64>
  </WindowsDriverPath>
  <WindowsDriverPath>
    <Manufacture>AMD</Manufacture>
    <Type>USB</Type>
    <PathX86>USB\AMD\Bolton\USB30\amdxhc\W7</PathX86>
    <PathX64>USB\AMD\Bolton\USB30\amdxhc\W764A</PathX64>
  </WindowsDriverPath>
  
  <WindowsDriverPath>
    <Manufacture>AMD</Manufacture>
    <Type>USB</Type>
    <PathX86>USB\AMD\USB31_PT\amdhub\W7</PathX86>
    <PathX64>USB\AMD\USB31_PT\amdhub\W764A</PathX64>
  </WindowsDriverPath>
  <WindowsDriverPath>
    <Manufacture>AMD</Manufacture>
    <Type>USB</Type>
    <PathX86>USB\AMD\USB31_PT\amdxhc\W7</PathX86>
    <PathX64>USB\AMD\USB31_PT\amdxhc\W764A</PathX64>
  </WindowsDriverPath>
  
  <WindowsDriverPath>
    <Manufacture>AMD</Manufacture>
    <Type>USB</Type>
    <PathX64>USB\AMD\USB30_ZP\amdhub\W764A</PathX64>
  </WindowsDriverPath>
  <WindowsDriverPath>
    <Manufacture>AMD</Manufacture>
    <Type>USB</Type>
    <PathX64>USB\AMD\USB30_ZP\amdxhc\W764A</PathX64>
  </WindowsDriverPath>
</WindowsDriverPaths>